[
  {
    "title": "红日 (Red Sun)",
    "lyrics": "[chorus]\n命运就算颠沛流离\n命运就算曲折离奇\n命运就算恐吓着你\n做人没趣味\n别流泪心酸 更不应舍弃\n我愿能 一生永远陪伴你\n\n命运就算颠沛流离\n命运就算曲折离奇\n命运就算恐吓着你\n做人没趣味\n别流泪心酸 更不应舍弃\n我愿能 一生永远陪伴你",
    "genre": "pop upbeat male electronic bright dance Cantonese energetic vocal"
  },
  {
    "title": "单车 (Bicycle)",
    "genre": "pop ballad nostalgic male piano emotional Cantonese rich vocal",
    "lyrics": "[verse]\n难离难舍想抱紧些\n茫茫人生好像荒野\n如孩儿能伏于爸爸的肩膊\n谁要下车\n\n[chorus]\n难离难舍总有一些\n常情如此不可推卸\n任世间再冷酷\n想起这单车 还有幸福可借"
  },
  {
    "title": "光辉岁月 (The Glorious Years)",
    "best_genre": "rock nostalgic male electric guitar emotional Cantonese rich vocal",
    "lyrics": "[verse]\n钟声响起归家的讯号\n在他生命里 仿佛带点唏嘘\n黑色肌肤给他的意义\n是一生奉献 肤色斗争中\n\n[chorus]\n年月把拥有变做失去\n疲倦的双眼带着期望\n今天只有残留的躯壳\n迎接光辉岁月\n风雨中抱紧自由"
  },
  {
    "title": "海阔天空 (The Boundless Sea And Sky)",
    "best_genre": "rock inspiring male electric guitar uplifting Mandarin powerful vocal",
    "lyrics": "[chorus]\n原谅我这一生不羁放纵爱自由\n也会怕有一天会跌倒\n背弃了理想 谁人都可以\n哪会怕有一天只你共我"
  }
]